<?xml version="1.0" encoding="UTF-8"?>
<Tokens version="1.0">
  <Token>
    <TokenIdentifier>
      <Name>actionOnEventType</Name>
      <APILanguage>cpp</APILanguage>
      <Type>data</Type>
    </TokenIdentifier>
    <Path>class_ak_event_a9ebd4b3857bd5aa4e48ad140f7418a75.html</Path>
    <Anchor>a9ebd4b3857bd5aa4e48ad140f7418a75</Anchor>
    <Abstract>Replacement action. See AK::SoundEngine::ExecuteEventOnAction().</Abstract>
  </Token>
  <Token>
    <TokenIdentifier>
      <Name>curveInterpolation</Name>
      <APILanguage>cpp</APILanguage>
      <Type>data</Type>
    </TokenIdentifier>
    <Path>class_ak_event_ac9a601f2ea52e2ec4f7da6f6d1f47417.html</Path>
    <Anchor>ac9a601f2ea52e2ec4f7da6f6d1f47417</Anchor>
    <Abstract>Fade curve to use with the new Action. See AK::SoundEngine::ExecuteEventOnAction()...</Abstract>
  </Token>
  <Token>
    <TokenIdentifier>
      <Name>enableActionOnEvent</Name>
      <APILanguage>cpp</APILanguage>
      <Type>data</Type>
    </TokenIdentifier>
    <Path>class_ak_event_a55c358f4863c8f85aa5dd72dcf5b8fcb.html</Path>
    <Anchor>a55c358f4863c8f85aa5dd72dcf5b8fcb</Anchor>
    <Abstract>Enables additional options to reuse existing events. Use it to transform a Play event...</Abstract>
  </Token>
  <Token>
    <TokenIdentifier>
      <Name>eventID</Name>
      <APILanguage>cpp</APILanguage>
      <Type>data</Type>
    </TokenIdentifier>
    <Path>class_ak_event_a74212f955e0443deb39b764bbecc809a.html</Path>
    <Anchor>a74212f955e0443deb39b764bbecc809a</Anchor>
    <Abstract>ID of the Event as found in the WwiseID.cs file.</Abstract>
  </Token>
  <Token>
    <TokenIdentifier>
      <Name>soundEmitterObject</Name>
      <APILanguage>cpp</APILanguage>
      <Type>data</Type>
    </TokenIdentifier>
    <Path>class_ak_event_a6299fe43fd983eef04a9b0aebc8fd4cf.html</Path>
    <Anchor>a6299fe43fd983eef04a9b0aebc8fd4cf</Anchor>
    <Abstract>Game object onto which the Event will be posted. By default, when empty, it is posted...</Abstract>
  </Token>
  <Token>
    <TokenIdentifier>
      <Name>transitionDuration</Name>
      <APILanguage>cpp</APILanguage>
      <Type>data</Type>
    </TokenIdentifier>
    <Path>class_ak_event_a856277457c22871638f774f7b99069d8.html</Path>
    <Anchor>a856277457c22871638f774f7b99069d8</Anchor>
    <Abstract>Duration of the fade. See AK::SoundEngine::ExecuteEventOnAction().</Abstract>
  </Token>
  <Token>
    <TokenIdentifier>
      <Name>HandleEvent</Name>
      <APILanguage>csharp</APILanguage>
      <Type>instm</Type>
    </TokenIdentifier>
    <Path>class_ak_bank_a08cc9eeda081d81c8c2183de837a4b37.html</Path>
    <Anchor>a08cc9eeda081d81c8c2183de837a4b37</Anchor>
    <Abstract>Loads the SoundBank.</Abstract>
  </Token>
  <Token>
    <TokenIdentifier>
      <Name>UnloadBank</Name>
      <APILanguage>csharp</APILanguage>
      <Type>instm</Type>
    </TokenIdentifier>
    <Path>class_ak_bank_a76dab3660ea72e5e842aff7c5b3a0506.html</Path>
    <Anchor>a76dab3660ea72e5e842aff7c5b3a0506</Anchor>
    <Abstract>Unloads a SoundBank.</Abstract>
  </Token>
  <Token>
    <TokenIdentifier>
      <Name>bankName</Name>
      <APILanguage>cpp</APILanguage>
      <Type>data</Type>
    </TokenIdentifier>
    <Path>class_ak_bank_a54e661da632920972f17f634261e5980.html</Path>
    <Anchor>a54e661da632920972f17f634261e5980</Anchor>
    <Abstract>Name of the SoundBank, as specified in the Wwise project.</Abstract>
  </Token>
  <Token>
    <TokenIdentifier>
      <Name>decodeBank</Name>
      <APILanguage>cpp</APILanguage>
      <Type>data</Type>
    </TokenIdentifier>
    <Path>class_ak_bank_a3f58529f1a33b70d89941ec3c9e1e7f7.html</Path>
    <Anchor>a3f58529f1a33b70d89941ec3c9e1e7f7</Anchor>
    <Abstract>Decode this SoundBank upon load.</Abstract>
  </Token>
  <Token>
    <TokenIdentifier>
      <Name>loadAsynchronous</Name>
      <APILanguage>cpp</APILanguage>
      <Type>data</Type>
    </TokenIdentifier>
    <Path>class_ak_bank_ad4479c06c1ebb566ae0026ac55a33466.html</Path>
    <Anchor>ad4479c06c1ebb566ae0026ac55a33466</Anchor>
    <Abstract>Check this to load the SoundBank in the background. Be careful, if Events are triggered...</Abstract>
  </Token>
  <Token>
    <TokenIdentifier>
      <Name>saveDecodedBank</Name>
      <APILanguage>cpp</APILanguage>
      <Type>data</Type>
    </TokenIdentifier>
    <Path>class_ak_bank_a94de1015c0721b0bd1372827c86821bb.html</Path>
    <Anchor>a94de1015c0721b0bd1372827c86821bb</Anchor>
    <Abstract>Save the decoded SoundBank to disk for faster loads in the future.</Abstract>
  </Token>
  <Token>
    <TokenIdentifier>
      <Name>unloadTriggerList</Name>
      <APILanguage>cpp</APILanguage>
      <Type>data</Type>
    </TokenIdentifier>
    <Path>class_ak_bank_a7d5d68d607a2c55e3370aed5ed0e5824.html</Path>
    <Anchor>a7d5d68d607a2c55e3370aed5ed0e5824</Anchor>
    <Abstract>Reserved.</Abstract>
  </Token>
  <Token>
    <TokenIdentifier>
      <Name>axis</Name>
      <APILanguage>cpp</APILanguage>
      <Type>data</Type>
    </TokenIdentifier>
    <Path>class_ak_environment_portal_a504d789ba5d9381faea26c7b70482fc8.html</Path>
    <Anchor>a504d789ba5d9381faea26c7b70482fc8</Anchor>
    <Abstract>The axis used to find the contribution of each environment.</Abstract>
  </Token>
  <Token>
    <TokenIdentifier>
      <Name>environments</Name>
      <APILanguage>cpp</APILanguage>
      <Type>data</Type>
    </TokenIdentifier>
    <Path>class_ak_environment_portal_a8cbc19a19d2e53560a310160c23be2b3.html</Path>
    <Anchor>a8cbc19a19d2e53560a310160c23be2b3</Anchor>
  </Token>
  <Token>
    <TokenIdentifier>
      <Name>envList</Name>
      <APILanguage>cpp</APILanguage>
      <Type>data</Type>
    </TokenIdentifier>
    <Path>class_ak_environment_portal_a1dee19a10f7a385e408dfeb92e6e0584.html</Path>
    <Anchor>a1dee19a10f7a385e408dfeb92e6e0584</Anchor>
    <Abstract>Unity can&amp;#39;t serialize an array of list so we wrap the list in a serializable...</Abstract>
  </Token>
  <Token>
    <TokenIdentifier>
      <Name>actionOnEventType</Name>
      <APILanguage>cpp</APILanguage>
      <Type>data</Type>
    </TokenIdentifier>
    <Path>class_ak_event_a9ebd4b3857bd5aa4e48ad140f7418a75.html</Path>
    <Anchor>a9ebd4b3857bd5aa4e48ad140f7418a75</Anchor>
    <Abstract>Replacement action. See AK::SoundEngine::ExecuteEventOnAction().</Abstract>
  </Token>
  <Token>
    <TokenIdentifier>
      <Name>curveInterpolation</Name>
      <APILanguage>cpp</APILanguage>
      <Type>data</Type>
    </TokenIdentifier>
    <Path>class_ak_event_ac9a601f2ea52e2ec4f7da6f6d1f47417.html</Path>
    <Anchor>ac9a601f2ea52e2ec4f7da6f6d1f47417</Anchor>
    <Abstract>Fade curve to use with the new Action. See AK::SoundEngine::ExecuteEventOnAction()...</Abstract>
  </Token>
  <Token>
    <TokenIdentifier>
      <Name>enableActionOnEvent</Name>
      <APILanguage>cpp</APILanguage>
      <Type>data</Type>
    </TokenIdentifier>
    <Path>class_ak_event_a55c358f4863c8f85aa5dd72dcf5b8fcb.html</Path>
    <Anchor>a55c358f4863c8f85aa5dd72dcf5b8fcb</Anchor>
    <Abstract>Enables additional options to reuse existing events. Use it to transform a Play event...</Abstract>
  </Token>
  <Token>
    <TokenIdentifier>
      <Name>eventID</Name>
      <APILanguage>cpp</APILanguage>
      <Type>data</Type>
    </TokenIdentifier>
    <Path>class_ak_event_a74212f955e0443deb39b764bbecc809a.html</Path>
    <Anchor>a74212f955e0443deb39b764bbecc809a</Anchor>
    <Abstract>ID of the Event as found in the WwiseID.cs file.</Abstract>
  </Token>
  <Token>
    <TokenIdentifier>
      <Name>soundEmitterObject</Name>
      <APILanguage>cpp</APILanguage>
      <Type>data</Type>
    </TokenIdentifier>
    <Path>class_ak_event_a6299fe43fd983eef04a9b0aebc8fd4cf.html</Path>
    <Anchor>a6299fe43fd983eef04a9b0aebc8fd4cf</Anchor>
    <Abstract>Game object onto which the Event will be posted. By default, when empty, it is posted...</Abstract>
  </Token>
  <Token>
    <TokenIdentifier>
      <Name>transitionDuration</Name>
      <APILanguage>cpp</APILanguage>
      <Type>data</Type>
    </TokenIdentifier>
    <Path>class_ak_event_a856277457c22871638f774f7b99069d8.html</Path>
    <Anchor>a856277457c22871638f774f7b99069d8</Anchor>
    <Abstract>Duration of the fade. See AK::SoundEngine::ExecuteEventOnAction().</Abstract>
  </Token>
  <Token>
    <TokenIdentifier>
      <Name>info</Name>
      <APILanguage>cpp</APILanguage>
      <Type>data</Type>
    </TokenIdentifier>
    <Path>class_ak_event_callback_msg_ae7a3476be29a602f067ebed7a3e1427e.html</Path>
    <Anchor>ae7a3476be29a602f067ebed7a3e1427e</Anchor>
    <Abstract>For more information about the event callback, see the classes derived from AkCallbackInfo...</Abstract>
  </Token>
  <Token>
    <TokenIdentifier>
      <Name>sender</Name>
      <APILanguage>cpp</APILanguage>
      <Type>data</Type>
    </TokenIdentifier>
    <Path>class_ak_event_callback_msg_ae6f04b166afcefef734cb746cad20ad6.html</Path>
    <Anchor>ae6f04b166afcefef734cb746cad20ad6</Anchor>
    <Abstract>GameObject from whom the callback function was called.</Abstract>
  </Token>
  <Token>
    <TokenIdentifier>
      <Name>type</Name>
      <APILanguage>cpp</APILanguage>
      <Type>data</Type>
    </TokenIdentifier>
    <Path>class_ak_event_callback_msg_aa474d9a67d007d46e006a49c46c8ccfc.html</Path>
    <Anchor>aa474d9a67d007d46e006a49c46c8ccfc</Anchor>
    <Abstract>AkSoundEngine.PostEvent callback flags. See the AkCallbackType enumeration for a...</Abstract>
  </Token>
  <Token>
    <TokenIdentifier>
      <Name>GetPosition</Name>
      <APILanguage>csharp</APILanguage>
      <Type>instm</Type>
    </TokenIdentifier>
    <Path>class_ak_game_obj_a3c97c5520bb2ddb83096ee9f7a7452a9.html</Path>
    <Anchor>a3c97c5520bb2ddb83096ee9f7a7452a9</Anchor>
  </Token>
  <Token>
    <TokenIdentifier>
      <Name>GetForward</Name>
      <APILanguage>csharp</APILanguage>
      <Type>instm</Type>
    </TokenIdentifier>
    <Path>class_ak_game_obj_aea8a036e1256803caef03267145d088b.html</Path>
    <Anchor>aea8a036e1256803caef03267145d088b</Anchor>
  </Token>
  <Token>
    <TokenIdentifier>
      <Name>GetUpward</Name>
      <APILanguage>csharp</APILanguage>
      <Type>instm</Type>
    </TokenIdentifier>
    <Path>class_ak_game_obj_ac2c4df4653f96860c16a5433413d9b8a.html</Path>
    <Anchor>ac2c4df4653f96860c16a5433413d9b8a</Anchor>
  </Token>
  <Token>
    <TokenIdentifier>
      <Name>isEnvironmentAware</Name>
      <APILanguage>cpp</APILanguage>
      <Type>data</Type>
    </TokenIdentifier>
    <Path>class_ak_game_obj_a92b827623ddc330289d2e1f228841399.html</Path>
    <Anchor>a92b827623ddc330289d2e1f228841399</Anchor>
    <Abstract>Is this object affected by Environment changes? Set to false if not affected in order...</Abstract>
  </Token>
  <Token>
    <TokenIdentifier>
      <Name>m_positionOffsetData</Name>
      <APILanguage>cpp</APILanguage>
      <Type>data</Type>
    </TokenIdentifier>
    <Path>class_ak_game_obj_af04d8aad357e219372c374457245cd2b.html</Path>
    <Anchor>af04d8aad357e219372c374457245cd2b</Anchor>
    <Abstract>When not set to null, the position will be offset relative to the Game Object position...</Abstract>
  </Token>
  <Token>
    <TokenIdentifier>
      <Name>LoadNonLocalizedBank</Name>
      <APILanguage>csharp</APILanguage>
      <Type>instm</Type>
    </TokenIdentifier>
    <Path>class_ak_mem_bank_loader_ac730fdbbc50db52628fab61369cfff3a.html</Path>
    <Anchor>ac730fdbbc50db52628fab61369cfff3a</Anchor>
    <Abstract>Load a sound bank from WWW object.</Abstract>
  </Token>
  <Token>
    <TokenIdentifier>
      <Name>LoadLocalizedBank</Name>
      <APILanguage>csharp</APILanguage>
      <Type>instm</Type>
    </TokenIdentifier>
    <Path>class_ak_mem_bank_loader_a97d7dae0ed7e6718759403417274af54.html</Path>
    <Anchor>a97d7dae0ed7e6718759403417274af54</Anchor>
    <Abstract>Load a language-specific bank from WWW object.</Abstract>
  </Token>
  <Token>
    <TokenIdentifier>
      <Name>bankName</Name>
      <APILanguage>cpp</APILanguage>
      <Type>data</Type>
    </TokenIdentifier>
    <Path>class_ak_mem_bank_loader_a2a14604a902af51dc8589b273c7be184.html</Path>
    <Anchor>a2a14604a902af51dc8589b273c7be184</Anchor>
    <Abstract>Name of the bank to load.</Abstract>
  </Token>
  <Token>
    <TokenIdentifier>
      <Name>isLocalizedBank</Name>
      <APILanguage>cpp</APILanguage>
      <Type>data</Type>
    </TokenIdentifier>
    <Path>class_ak_mem_bank_loader_a2eb6294ffc60c639f86e13869fc99826.html</Path>
    <Anchor>a2eb6294ffc60c639f86e13869fc99826</Anchor>
    <Abstract>Is the bank localized (situated in the language specific folders).</Abstract>
  </Token>
  <Token>
    <TokenIdentifier>
      <Name>GetID</Name>
      <APILanguage>csharp</APILanguage>
      <Type>instm</Type>
    </TokenIdentifier>
    <Path>class_ak_room_a9f34f32008b1557ca6643e8f53091070.html</Path>
    <Anchor>a9f34f32008b1557ca6643e8f53091070</Anchor>
    <Abstract>Access the room&amp;#39;s ID.</Abstract>
  </Token>
  <Token>
    <TokenIdentifier>
      <Name>priority</Name>
      <APILanguage>cpp</APILanguage>
      <Type>data</Type>
    </TokenIdentifier>
    <Path>class_ak_room_a1637d0e27f1fd0c0bee4ff23badbf171.html</Path>
    <Anchor>a1637d0e27f1fd0c0bee4ff23badbf171</Anchor>
  </Token>
  <Token>
    <TokenIdentifier>
      <Name>reverbAuxBus</Name>
      <APILanguage>cpp</APILanguage>
      <Type>data</Type>
    </TokenIdentifier>
    <Path>class_ak_room_aef30f6ba95e6427df3b4f41d48fd7f7c.html</Path>
    <Anchor>aef30f6ba95e6427df3b4f41d48fd7f7c</Anchor>
    <Abstract>The reverb auxiliary bus.</Abstract>
  </Token>
  <Token>
    <TokenIdentifier>
      <Name>reverbLevel</Name>
      <APILanguage>cpp</APILanguage>
      <Type>data</Type>
    </TokenIdentifier>
    <Path>class_ak_room_aadd32d9ed8045d5a5949a5a9ef75d900.html</Path>
    <Anchor>aadd32d9ed8045d5a5949a5a9ef75d900</Anchor>
    <Abstract>The reverb control value for the send to the reverb aux bus.</Abstract>
  </Token>
  <Token>
    <TokenIdentifier>
      <Name>wallOcclusion</Name>
      <APILanguage>cpp</APILanguage>
      <Type>data</Type>
    </TokenIdentifier>
    <Path>class_ak_room_a072a168fe1a45d8b21c8ba4bb52c00e5.html</Path>
    <Anchor>a072a168fe1a45d8b21c8ba4bb52c00e5</Anchor>
    <Abstract>Occlusion level modeling transmission through walls.</Abstract>
  </Token>
  <Token>
    <TokenIdentifier>
      <Name>roomToneEvent</Name>
      <APILanguage>cpp</APILanguage>
      <Type>data</Type>
    </TokenIdentifier>
    <Path>class_ak_room_afe7b27e49e03835b1de1f6555827f8bb.html</Path>
    <Anchor>afe7b27e49e03835b1de1f6555827f8bb</Anchor>
    <Abstract>Wwise Event to be posted on the room game object.</Abstract>
  </Token>
  <Token>
    <TokenIdentifier>
      <Name>roomToneAuxSend</Name>
      <APILanguage>cpp</APILanguage>
      <Type>data</Type>
    </TokenIdentifier>
    <Path>class_ak_room_a78682aea250e586032d6c2d680227599.html</Path>
    <Anchor>a78682aea250e586032d6c2d680227599</Anchor>
    <Abstract>Send level for sounds that are posted on the room game object; adds reverb to ambience...</Abstract>
  </Token>
  <Token>
    <TokenIdentifier>
      <Name>GetID</Name>
      <APILanguage>csharp</APILanguage>
      <Type>instm</Type>
    </TokenIdentifier>
    <Path>class_ak_room_portal_a7b51b55bbe6693241fc49fd5fe7db7b3.html</Path>
    <Anchor>a7b51b55bbe6693241fc49fd5fe7db7b3</Anchor>
    <Abstract>Access the portal&amp;#39;s ID.</Abstract>
  </Token>
  <Token>
    <TokenIdentifier>
      <Name>HandleEvent</Name>
      <APILanguage>csharp</APILanguage>
      <Type>instm</Type>
    </TokenIdentifier>
    <Path>class_ak_room_portal_ae545ae47cd83f1a84afa4d2b42fa70ca.html</Path>
    <Anchor>ae545ae47cd83f1a84afa4d2b42fa70ca</Anchor>
    <Abstract>Opens the portal on trigger event.</Abstract>
  </Token>
  <Token>
    <TokenIdentifier>
      <Name>ClosePortal</Name>
      <APILanguage>csharp</APILanguage>
      <Type>instm</Type>
    </TokenIdentifier>
    <Path>class_ak_room_portal_aee3606929fc86b44dcd3fbcd1aa77d7c.html</Path>
    <Anchor>aee3606929fc86b44dcd3fbcd1aa77d7c</Anchor>
    <Abstract>Closes the portal on trigger event.</Abstract>
  </Token>
  <Token>
    <TokenIdentifier>
      <Name>MAX_ROOMS_PER_PORTAL</Name>
      <APILanguage>cpp</APILanguage>
      <Type>data</Type>
    </TokenIdentifier>
    <Path>class_ak_room_portal_a39c53f00442550cb42948aac0ba9eb11.html</Path>
    <Anchor>a39c53f00442550cb42948aac0ba9eb11</Anchor>
    <Abstract>AkRoomPortals can only connect a maximum of 2 rooms.</Abstract>
  </Token>
  <Token>
    <TokenIdentifier>
      <Name>rooms</Name>
      <APILanguage>cpp</APILanguage>
      <Type>data</Type>
    </TokenIdentifier>
    <Path>class_ak_room_portal_a3880e462962b933cde8dafc5a294242b.html</Path>
    <Anchor>a3880e462962b933cde8dafc5a294242b</Anchor>
  </Token>
  <Token>
    <TokenIdentifier>
      <Name>EnteredRoom</Name>
      <APILanguage>csharp</APILanguage>
      <Type>instm</Type>
    </TokenIdentifier>
    <Path>class_ak_spatial_audio_base_a2ea2753e75d2f917801b8664bfad1976.html</Path>
    <Anchor>a2ea2753e75d2f917801b8664bfad1976</Anchor>
    <Abstract>Called when entering a room.</Abstract>
  </Token>
  <Token>
    <TokenIdentifier>
      <Name>ExitedRoom</Name>
      <APILanguage>csharp</APILanguage>
      <Type>instm</Type>
    </TokenIdentifier>
    <Path>class_ak_spatial_audio_base_ae417d5e9af28063cc1876c5c1d9d3d1e.html</Path>
    <Anchor>ae417d5e9af28063cc1876c5c1d9d3d1e</Anchor>
    <Abstract>Called when exiting a room.</Abstract>
  </Token>
  <Token>
    <TokenIdentifier>
      <Name>SetGameObjectInRoom</Name>
      <APILanguage>csharp</APILanguage>
      <Type>instm</Type>
    </TokenIdentifier>
    <Path>class_ak_spatial_audio_base_a50c345c8830fe5fb90f4cbeab5f16f7d.html</Path>
    <Anchor>a50c345c8830fe5fb90f4cbeab5f16f7d</Anchor>
    <Abstract>Sets the Unity Game Object within the highest priority room.</Abstract>
  </Token>
  <Token>
    <TokenIdentifier>
      <Name>EnteredRoom</Name>
      <APILanguage>csharp</APILanguage>
      <Type>instm</Type>
    </TokenIdentifier>
    <Path>class_ak_spatial_audio_base_a2ea2753e75d2f917801b8664bfad1976.html</Path>
    <Anchor>a2ea2753e75d2f917801b8664bfad1976</Anchor>
    <Abstract>Called when entering a room.</Abstract>
  </Token>
  <Token>
    <TokenIdentifier>
      <Name>ExitedRoom</Name>
      <APILanguage>csharp</APILanguage>
      <Type>instm</Type>
    </TokenIdentifier>
    <Path>class_ak_spatial_audio_base_ae417d5e9af28063cc1876c5c1d9d3d1e.html</Path>
    <Anchor>ae417d5e9af28063cc1876c5c1d9d3d1e</Anchor>
    <Abstract>Called when exiting a room.</Abstract>
  </Token>
  <Token>
    <TokenIdentifier>
      <Name>SetGameObjectInRoom</Name>
      <APILanguage>csharp</APILanguage>
      <Type>instm</Type>
    </TokenIdentifier>
    <Path>class_ak_spatial_audio_base_a50c345c8830fe5fb90f4cbeab5f16f7d.html</Path>
    <Anchor>a50c345c8830fe5fb90f4cbeab5f16f7d</Anchor>
    <Abstract>Sets the Unity Game Object within the highest priority room.</Abstract>
  </Token>
  <Token>
    <TokenIdentifier>
      <Name>reflectAuxBus</Name>
      <APILanguage>cpp</APILanguage>
      <Type>data</Type>
    </TokenIdentifier>
    <Path>class_ak_spatial_audio_emitter_a6e426e74c3d2865e9cd8374f77c2920b.html</Path>
    <Anchor>a6e426e74c3d2865e9cd8374f77c2920b</Anchor>
    <Abstract>The Auxiliary Bus with a Reflect plug-in Effect applied.</Abstract>
  </Token>
  <Token>
    <TokenIdentifier>
      <Name>reflectionMaxPathLength</Name>
      <APILanguage>cpp</APILanguage>
      <Type>data</Type>
    </TokenIdentifier>
    <Path>class_ak_spatial_audio_emitter_ac56f96705df59e097f589fcb58687846.html</Path>
    <Anchor>ac56f96705df59e097f589fcb58687846</Anchor>
    <Abstract>A heuristic to stop the computation of reflections. Should be no longer (and possibly...</Abstract>
  </Token>
  <Token>
    <TokenIdentifier>
      <Name>reflectionsAuxBusGain</Name>
      <APILanguage>cpp</APILanguage>
      <Type>data</Type>
    </TokenIdentifier>
    <Path>class_ak_spatial_audio_emitter_a58fc1cc9bbc20c935c1735fe3de05328.html</Path>
    <Anchor>a58fc1cc9bbc20c935c1735fe3de05328</Anchor>
    <Abstract>The gain [0, 1] applied to the reflect auxiliary bus.</Abstract>
  </Token>
  <Token>
    <TokenIdentifier>
      <Name>reflectionsOrder</Name>
      <APILanguage>cpp</APILanguage>
      <Type>data</Type>
    </TokenIdentifier>
    <Path>class_ak_spatial_audio_emitter_aead7eca8d8bb7670abb7d5baec4f8274.html</Path>
    <Anchor>aead7eca8d8bb7670abb7d5baec4f8274</Anchor>
  </Token>
  <Token>
    <TokenIdentifier>
      <Name>roomReverbAuxBusGain</Name>
      <APILanguage>cpp</APILanguage>
      <Type>data</Type>
    </TokenIdentifier>
    <Path>class_ak_spatial_audio_emitter_ae2ba5199b536118c0edb72d1904be75e.html</Path>
    <Anchor>ae2ba5199b536118c0edb72d1904be75e</Anchor>
    <Abstract>Send gain (0.f-1.f) that is applied when sending to the aux bus associated with the...</Abstract>
  </Token>
  <Token>
    <TokenIdentifier>
      <Name>diffractionMaxEdges</Name>
      <APILanguage>cpp</APILanguage>
      <Type>data</Type>
    </TokenIdentifier>
    <Path>class_ak_spatial_audio_emitter_a09e1f65a706838f24dd731e1412b0bd4.html</Path>
    <Anchor>a09e1f65a706838f24dd731e1412b0bd4</Anchor>
    <Abstract>The maximum number of edges that the sound can diffract around between the emitter...</Abstract>
  </Token>
  <Token>
    <TokenIdentifier>
      <Name>diffractionMaxPaths</Name>
      <APILanguage>cpp</APILanguage>
      <Type>data</Type>
    </TokenIdentifier>
    <Path>class_ak_spatial_audio_emitter_a6ad3216ad3b7457a8625c3d2ef040df5.html</Path>
    <Anchor>a6ad3216ad3b7457a8625c3d2ef040df5</Anchor>
    <Abstract>The maximum number of paths to the listener that the sound can take around obstacles...</Abstract>
  </Token>
  <Token>
    <TokenIdentifier>
      <Name>diffractionMaxPathLength</Name>
      <APILanguage>cpp</APILanguage>
      <Type>data</Type>
    </TokenIdentifier>
    <Path>class_ak_spatial_audio_emitter_a6b15756221fab541837d9c785893e885.html</Path>
    <Anchor>a6b15756221fab541837d9c785893e885</Anchor>
    <Abstract>The maximum length that a diffracted sound can travel. Should be no longer (and possibly...</Abstract>
  </Token>
  <Token>
    <TokenIdentifier>
      <Name>drawFirstOrderReflections</Name>
      <APILanguage>cpp</APILanguage>
      <Type>data</Type>
    </TokenIdentifier>
    <Path>class_ak_spatial_audio_emitter_ab9882c472ab02fa32c61f5ac38620a81.html</Path>
    <Anchor>ab9882c472ab02fa32c61f5ac38620a81</Anchor>
    <Abstract>This allows you to visualize first order reflection sound paths.</Abstract>
  </Token>
  <Token>
    <TokenIdentifier>
      <Name>drawSecondOrderReflections</Name>
      <APILanguage>cpp</APILanguage>
      <Type>data</Type>
    </TokenIdentifier>
    <Path>class_ak_spatial_audio_emitter_ac01b6c7b2f5c2cb06eb04d07cc819162.html</Path>
    <Anchor>ac01b6c7b2f5c2cb06eb04d07cc819162</Anchor>
    <Abstract>This allows you to visualize second order reflection sound paths.</Abstract>
  </Token>
  <Token>
    <TokenIdentifier>
      <Name>drawHigherOrderReflections</Name>
      <APILanguage>cpp</APILanguage>
      <Type>data</Type>
    </TokenIdentifier>
    <Path>class_ak_spatial_audio_emitter_a1fa48cd0d83e549eadcb837a18c206b8.html</Path>
    <Anchor>a1fa48cd0d83e549eadcb837a18c206b8</Anchor>
    <Abstract>This allows you to visualize third or higher order reflection sound paths.</Abstract>
  </Token>
  <Token>
    <TokenIdentifier>
      <Name>drawGeometricDiffraction</Name>
      <APILanguage>cpp</APILanguage>
      <Type>data</Type>
    </TokenIdentifier>
    <Path>class_ak_spatial_audio_emitter_a2fc57046f744a8b83c3eaad60f60b48b.html</Path>
    <Anchor>a2fc57046f744a8b83c3eaad60f60b48b</Anchor>
    <Abstract>This allows you to visualize geometric diffraction sound paths between an obstructed...</Abstract>
  </Token>
  <Token>
    <TokenIdentifier>
      <Name>drawSoundPropagation</Name>
      <APILanguage>cpp</APILanguage>
      <Type>data</Type>
    </TokenIdentifier>
    <Path>class_ak_spatial_audio_emitter_aa077fda651f45a3df57fa44ef1861389.html</Path>
    <Anchor>aa077fda651f45a3df57fa44ef1861389</Anchor>
    <Abstract>This allows you to visualize sound propagation paths through portals.</Abstract>
  </Token>
  <Token>
    <TokenIdentifier>
      <Name>EnteredRoom</Name>
      <APILanguage>csharp</APILanguage>
      <Type>instm</Type>
    </TokenIdentifier>
    <Path>class_ak_spatial_audio_base_a2ea2753e75d2f917801b8664bfad1976.html</Path>
    <Anchor>a2ea2753e75d2f917801b8664bfad1976</Anchor>
    <Abstract>Called when entering a room.</Abstract>
  </Token>
  <Token>
    <TokenIdentifier>
      <Name>ExitedRoom</Name>
      <APILanguage>csharp</APILanguage>
      <Type>instm</Type>
    </TokenIdentifier>
    <Path>class_ak_spatial_audio_base_ae417d5e9af28063cc1876c5c1d9d3d1e.html</Path>
    <Anchor>ae417d5e9af28063cc1876c5c1d9d3d1e</Anchor>
    <Abstract>Called when exiting a room.</Abstract>
  </Token>
  <Token>
    <TokenIdentifier>
      <Name>SetGameObjectInRoom</Name>
      <APILanguage>csharp</APILanguage>
      <Type>instm</Type>
    </TokenIdentifier>
    <Path>class_ak_spatial_audio_base_a50c345c8830fe5fb90f4cbeab5f16f7d.html</Path>
    <Anchor>a50c345c8830fe5fb90f4cbeab5f16f7d</Anchor>
    <Abstract>Sets the Unity Game Object within the highest priority room.</Abstract>
  </Token>
  <Token>
    <TokenIdentifier>
      <Name>TheSpatialAudioListener</Name>
      <APILanguage>cpp</APILanguage>
      <Type>instp</Type>
    </TokenIdentifier>
    <Path>class_ak_spatial_audio_listener_a75ad9f266d3fe002b258a02400e42c4b.html</Path>
    <Anchor>a75ad9f266d3fe002b258a02400e42c4b</Anchor>
    <Abstract>Returns the &amp;quot;single&amp;quot; spatial audio listener.</Abstract>
  </Token>
  <Token>
    <TokenIdentifier>
      <Name>SpatialAudioListeners</Name>
      <APILanguage>cpp</APILanguage>
      <Type>instp</Type>
    </TokenIdentifier>
    <Path>class_ak_spatial_audio_listener_a052e2b33ae03a89acc55191e0a040292.html</Path>
    <Anchor>a052e2b33ae03a89acc55191e0a040292</Anchor>
    <Abstract>Returns the list of active Unity Game Objects that are designated to be spatial audio...</Abstract>
  </Token>
  <Token>
    <TokenIdentifier>
      <Name>Add</Name>
      <APILanguage>csharp</APILanguage>
      <Type>instm</Type>
    </TokenIdentifier>
    <Path>class_ak_spatial_audio_listener_1_1_spatial_audio_listener_list_a1006bbe8c86c7a32bff09d2ac209b3bd.html</Path>
    <Anchor>a1006bbe8c86c7a32bff09d2ac209b3bd</Anchor>
    <Abstract>Uniquely adds listeners to the list.</Abstract>
  </Token>
  <Token>
    <TokenIdentifier>
      <Name>Remove</Name>
      <APILanguage>csharp</APILanguage>
      <Type>instm</Type>
    </TokenIdentifier>
    <Path>class_ak_spatial_audio_listener_1_1_spatial_audio_listener_list_a04b9673e6c62e51036a6174b5152f1fb.html</Path>
    <Anchor>a04b9673e6c62e51036a6174b5152f1fb</Anchor>
    <Abstract>Removes listeners from the list.</Abstract>
  </Token>
  <Token>
    <TokenIdentifier>
      <Name>groupID</Name>
      <APILanguage>cpp</APILanguage>
      <Type>data</Type>
    </TokenIdentifier>
    <Path>class_ak_state_a2c97d469200fd06716cac28b82d1580f.html</Path>
    <Anchor>a2c97d469200fd06716cac28b82d1580f</Anchor>
    <Abstract>State Group ID, as defined in WwiseID.cs.</Abstract>
  </Token>
  <Token>
    <TokenIdentifier>
      <Name>valueID</Name>
      <APILanguage>cpp</APILanguage>
      <Type>data</Type>
    </TokenIdentifier>
    <Path>class_ak_state_a79a82c86cd31179113562929c1a67fd2.html</Path>
    <Anchor>a79a82c86cd31179113562929c1a67fd2</Anchor>
    <Abstract>State Value ID, as defined in WwiseID.cs.</Abstract>
  </Token>
  <Token>
    <TokenIdentifier>
      <Name>AddGeometrySet</Name>
      <APILanguage>csharp</APILanguage>
      <Type>clm</Type>
    </TokenIdentifier>
    <Path>class_ak_surface_reflector_a0faa6e6eb8800c544fcb341c0ce4c87c.html</Path>
    <Anchor>a0faa6e6eb8800c544fcb341c0ce4c87c</Anchor>
    <Abstract>Sends the mesh filter&amp;#39;s triangles and their acoustic texture to Spatial Audio...</Abstract>
  </Token>
  <Token>
    <TokenIdentifier>
      <Name>RemoveGeometrySet</Name>
      <APILanguage>csharp</APILanguage>
      <Type>clm</Type>
    </TokenIdentifier>
    <Path>class_ak_surface_reflector_aa7f4f3a3e13db50eb51b96c0f5ef833e.html</Path>
    <Anchor>aa7f4f3a3e13db50eb51b96c0f5ef833e</Anchor>
    <Abstract>Remove the corresponding mesh filter&amp;#39;s geometry from Spatial Audio.</Abstract>
  </Token>
  <Token>
    <TokenIdentifier>
      <Name>AcousticTexture</Name>
      <APILanguage>cpp</APILanguage>
      <Type>data</Type>
    </TokenIdentifier>
    <Path>class_ak_surface_reflector_a3f780a056ad53534aa3fd5ee4a8afa52.html</Path>
    <Anchor>a3f780a056ad53534aa3fd5ee4a8afa52</Anchor>
    <Abstract>All triangles of the component&amp;#39;s mesh will be applied with this texture. The...</Abstract>
  </Token>
  <Token>
    <TokenIdentifier>
      <Name>EnableDiffraction</Name>
      <APILanguage>cpp</APILanguage>
      <Type>data</Type>
    </TokenIdentifier>
    <Path>class_ak_surface_reflector_a5a979f445b0115e4379a2e4f805e406b.html</Path>
    <Anchor>a5a979f445b0115e4379a2e4f805e406b</Anchor>
    <Abstract>Switch to enable or disable geometric diffraction for this mesh.</Abstract>
  </Token>
  <Token>
    <TokenIdentifier>
      <Name>EnableDiffractionOnBoundaryEdges</Name>
      <APILanguage>cpp</APILanguage>
      <Type>data</Type>
    </TokenIdentifier>
    <Path>class_ak_surface_reflector_adf972958e3e4bf36a274a3514dd8a700.html</Path>
    <Anchor>adf972958e3e4bf36a274a3514dd8a700</Anchor>
    <Abstract>Switch to enable or disable geometric diffraction on boundary edges for this mesh...</Abstract>
  </Token>
  <Token>
    <TokenIdentifier>
      <Name>groupID</Name>
      <APILanguage>cpp</APILanguage>
      <Type>data</Type>
    </TokenIdentifier>
    <Path>class_ak_switch_aaa5fffce06dc767f44d06fad43959e86.html</Path>
    <Anchor>aaa5fffce06dc767f44d06fad43959e86</Anchor>
    <Abstract>Switch Group ID, as defined in WwiseID.cs.</Abstract>
  </Token>
  <Token>
    <TokenIdentifier>
      <Name>valueID</Name>
      <APILanguage>cpp</APILanguage>
      <Type>data</Type>
    </TokenIdentifier>
    <Path>class_ak_switch_a0c4801b342fd0b06f1f70f3d7243c455.html</Path>
    <Anchor>a0c4801b342fd0b06f1f70f3d7243c455</Anchor>
    <Abstract>Switch Value ID, as defined in WwiseID.cs.</Abstract>
  </Token>
  <Token>
    <TokenIdentifier>
      <Name>Trigger</Name>
      <APILanguage>csharp</APILanguage>
      <Type>instm</Type>
    </TokenIdentifier>
    <Path>class_ak_trigger_base_ae9841d50f232dfb082f4727412419224.html</Path>
    <Anchor>ae9841d50f232dfb082f4727412419224</Anchor>
    <Abstract>Delegate declaration for all Wwise Triggers.</Abstract>
  </Token>
  <Token>
    <TokenIdentifier>
      <Name>triggerDelegate</Name>
      <APILanguage>cpp</APILanguage>
      <Type>data</Type>
    </TokenIdentifier>
    <Path>class_ak_trigger_base_ab98c3e4da938eedb78dc5506f61ab6e4.html</Path>
    <Anchor>ab98c3e4da938eedb78dc5506f61ab6e4</Anchor>
    <Abstract>All components reacting to the trigger will be registered in this delegate.</Abstract>
  </Token>
  <Token>
    <TokenIdentifier>
      <Name>WaapiEventCallback</Name>
      <APILanguage>csharp</APILanguage>
      <Type>instm</Type>
    </TokenIdentifier>
    <Path>class_ak_waapi_client_a1adad3d0690a5abc19f6628a11523c9c.html</Path>
    <Anchor>a1adad3d0690a5abc19f6628a11523c9c</Anchor>
    <Abstract>Delegate ran when a subscription is triggered.</Abstract>
  </Token>
  <Token>
    <TokenIdentifier>
      <Name>Connect</Name>
      <APILanguage>csharp</APILanguage>
      <Type>clm</Type>
    </TokenIdentifier>
    <Path>class_ak_waapi_client_a61a977e6edac658cbc077c4e596e2de2.html</Path>
    <Anchor>a61a977e6edac658cbc077c4e596e2de2</Anchor>
    <Abstract>Connects to a Wwise Authoring application.</Abstract>
  </Token>
  <Token>
    <TokenIdentifier>
      <Name>Disconnect</Name>
      <APILanguage>csharp</APILanguage>
      <Type>clm</Type>
    </TokenIdentifier>
    <Path>class_ak_waapi_client_a2e5e50d8c82b4cdda94d9782d704ce0a.html</Path>
    <Anchor>a2e5e50d8c82b4cdda94d9782d704ce0a</Anchor>
    <Abstract>Disconnects from the connected Wwise Authoring application.</Abstract>
  </Token>
  <Token>
    <TokenIdentifier>
      <Name>Subscribe</Name>
      <APILanguage>csharp</APILanguage>
      <Type>clm</Type>
    </TokenIdentifier>
    <Path>class_ak_waapi_client_a5c7499da530b06bc37a5c4ee3a407081.html</Path>
    <Anchor>a5c7499da530b06bc37a5c4ee3a407081</Anchor>
    <Abstract>Subscribes to a topic. See Subscribing to Topics in the Wwise Authoring API for more...</Abstract>
  </Token>
  <Token>
    <TokenIdentifier>
      <Name>Subscribe</Name>
      <APILanguage>csharp</APILanguage>
      <Type>clm</Type>
    </TokenIdentifier>
    <Path>class_ak_waapi_client_a63f815c3b6862ddafee7ab68a4ebdf13.html</Path>
    <Anchor>a63f815c3b6862ddafee7ab68a4ebdf13</Anchor>
    <Abstract>Subscribes to a topic. See Subscribing to Topics in the Wwise Authoring API for more...</Abstract>
  </Token>
  <Token>
    <TokenIdentifier>
      <Name>Unsubscribe</Name>
      <APILanguage>csharp</APILanguage>
      <Type>clm</Type>
    </TokenIdentifier>
    <Path>class_ak_waapi_client_ac2d9cb03d11a820ae589c9217cfc881a.html</Path>
    <Anchor>ac2d9cb03d11a820ae589c9217cfc881a</Anchor>
    <Abstract>Unsubscribes from a topic.</Abstract>
  </Token>
  <Token>
    <TokenIdentifier>
      <Name>Unsubscribe</Name>
      <APILanguage>csharp</APILanguage>
      <Type>clm</Type>
    </TokenIdentifier>
    <Path>class_ak_waapi_client_aa4d4cfddc8dbfaf0066ecae5fd285a88.html</Path>
    <Anchor>aa4d4cfddc8dbfaf0066ecae5fd285a88</Anchor>
    <Abstract>Unsubscribes from a topic.</Abstract>
  </Token>
  <Token>
    <TokenIdentifier>
      <Name>Call</Name>
      <APILanguage>csharp</APILanguage>
      <Type>clm</Type>
    </TokenIdentifier>
    <Path>class_ak_waapi_client_a10d4e4d8b9c1116f521e06a505505a5c.html</Path>
    <Anchor>a10d4e4d8b9c1116f521e06a505505a5c</Anchor>
    <Abstract>Perform a call to the Wwise Authoring. See Querying the Wwise Project for more information...</Abstract>
  </Token>
  <Token>
    <TokenIdentifier>
      <Name>Call</Name>
      <APILanguage>csharp</APILanguage>
      <Type>clm</Type>
    </TokenIdentifier>
    <Path>class_ak_waapi_client_a56a7030528ac47aadeb9cf31b2694d06.html</Path>
    <Anchor>a56a7030528ac47aadeb9cf31b2694d06</Anchor>
    <Abstract>Perform a call to the Wwise Authoring. See Querying the Wwise Project for more information...</Abstract>
  </Token>
  <Token>
    <TokenIdentifier>
      <Name>IsConnected</Name>
      <APILanguage>cpp</APILanguage>
      <Type>instp</Type>
    </TokenIdentifier>
    <Path>class_ak_waapi_client_ad37cd98c27eba16bed8faace836b5a57.html</Path>
    <Anchor>ad37cd98c27eba16bed8faace836b5a57</Anchor>
    <Abstract>Is the client connected.</Abstract>
  </Token>
</Tokens>
