<?xml version="1.0" encoding="UTF-8"?>
<DocSetNodes version="1.0">
  <TOC>
    <Node>
      <Name>Root</Name>
      <Path>main.html</Path>
      <Subnodes>
       <Node>
        <Name>Wwise Unity Integration</Name>
        <Path>main.html</Path>
        <Subnodes>
         <Node>
          <Name>リリースノート</Name>
          <Path>pg__releasenotes.html</Path>
          <Subnodes>
           <Node>
            <Name>新機能2018.1</Name>
            <Path>pg__newfeatures__2018__1__0.html</Path>
            <Subnodes>
            </Subnodes>
           </Node>
           <Node>
            <Name>新機能2017.2</Name>
            <Path>pg__newfeatures__2017__2__0.html</Path>
            <Subnodes>
            </Subnodes>
           </Node>
           <Node>
            <Name>重要な移行の注意 2017.2</Name>
            <Path>pg__important__migration__notes__2017__2__0.html</Path>
            <Subnodes>
            </Subnodes>
           </Node>
           <Node>
            <Name>新機能2017.1</Name>
            <Path>pg__newfeatures__2017__1__0.html</Path>
            <Subnodes>
            </Subnodes>
           </Node>
           <Node>
            <Name>重要な移行の注意 2017.1</Name>
            <Path>pg__important__migration__notes__2017__1__0.html</Path>
            <Subnodes>
            </Subnodes>
           </Node>
          </Subnodes>
         </Node>
         <Node>
          <Name>Unityプロジェクトのインテグレーションの、インストールとアップグレード</Name>
          <Path>pg__installation.html</Path>
          <Subnodes>
           <Node>
            <Name>前提条件</Name>
            <Path>pg__requsinginte.html</Path>
            <Subnodes>
            </Subnodes>
           </Node>
           <Node>
            <Name>Wwise Integration Packageを初めてインストールする</Name>
            <Path>pg__installunitypackage.html</Path>
            <Subnodes>
            </Subnodes>
           </Node>
           <Node>
            <Name>Unityプロジェクトに対して実行される変更点</Name>
            <Path>pg__installprojectchange.html</Path>
            <Subnodes>
            </Subnodes>
           </Node>
           <Node>
            <Name>サウンドをゲームにインテグレートする</Name>
            <Path>pg__installvalidation.html</Path>
            <Subnodes>
            </Subnodes>
           </Node>
           <Node>
            <Name>SoundBankはどこにおくべきか？</Name>
            <Path>pg__soundbank__location.html</Path>
            <Subnodes>
            </Subnodes>
           </Node>
           <Node>
            <Name>プラグインの追加</Name>
            <Path>pg__install__addlicensedplugins.html</Path>
            <Subnodes>
            </Subnodes>
           </Node>
           <Node>
            <Name>Wwise Integration Packageを新しいバージョンにアップデート・アップグレードする</Name>
            <Path>pg__updating.html</Path>
            <Subnodes>
            </Subnodes>
           </Node>
          </Subnodes>
         </Node>
         <Node>
          <Name>Wwise Integration Packageをアンインストールする</Name>
          <Path>pg__uninstalling.html</Path>
          <Subnodes>
          </Subnodes>
         </Node>
         <Node>
          <Name>Adjusting Wwise Initialization Settings</Name>
          <Path>pg__initialization__settings.html</Path>
          <Subnodes>
          </Subnodes>
         </Node>
         <Node>
          <Name>Wwise Unity Integrationの使用</Name>
          <Path>pg__appscripts.html</Path>
          <Subnodes>
           <Node>
            <Name>Wwise Picker</Name>
            <Path>unity__picker.html</Path>
            <Subnodes>
            </Subnodes>
           </Node>
           <Node>
            <Name>Wwise Types</Name>
            <Path>unity__wwise__types.html</Path>
            <Subnodes>
            </Subnodes>
           </Node>
           <Node>
            <Name>Wwiseイベントのトリガーを追加する</Name>
            <Path>unity__add__triggers.html</Path>
            <Subnodes>
            </Subnodes>
           </Node>
           <Node>
            <Name>WwiseのTimelineインテグレーション</Name>
            <Path>unity__timeline.html</Path>
            <Subnodes>
            </Subnodes>
           </Node>
           <Node>
            <Name>The Unity WAAPI Client</Name>
            <Path>unity__waapi.html</Path>
            <Subnodes>
            </Subnodes>
           </Node>
          </Subnodes>
         </Node>
         <Node>
          <Name>特定プラットフォーム向けにUnityゲームをビルドする</Name>
          <Path>pg__deploy.html</Path>
          <Subnodes>
           <Node>
            <Name>Android用にビルドする</Name>
            <Path>pg__builddeployandroid.html</Path>
            <Subnodes>
            </Subnodes>
           </Node>
           <Node>
            <Name>Linux用にビルドする</Name>
            <Path>pg__howtobuilddeploylinux.html</Path>
            <Subnodes>
            </Subnodes>
           </Node>
           <Node>
            <Name>UnityでWwiseのカスタムプラットフォームを使う</Name>
            <Path>pg__customplatforms.html</Path>
            <Subnodes>
            </Subnodes>
           </Node>
          </Subnodes>
         </Node>
         <Node>
          <Name>WwiseとUnityでDLCをつくる</Name>
          <Path>pg__unity__dlc.html</Path>
          <Subnodes>
          </Subnodes>
         </Node>
         <Node>
          <Name>インテグレーションコードをビルドする</Name>
          <Path>pg__building.html</Path>
          <Subnodes>
           <Node>
            <Name>Build Log</Name>
            <Path>pg__buildlog.html</Path>
            <Subnodes>
            </Subnodes>
           </Node>
           <Node>
            <Name>プラグインのC++コードを更新した後に、Wwise Integration Packageを新しいバージョンにアップデート・アップグレードする</Name>
            <Path>pg__updating__modified__code.html</Path>
            <Subnodes>
            </Subnodes>
           </Node>
          </Subnodes>
         </Node>
         <Node>
          <Name>APIの変更と制約</Name>
          <Path>pg__limitations.html</Path>
          <Subnodes>
          </Subnodes>
         </Node>
         <Node>
          <Name>プラットフォーム別の情報</Name>
          <Path>pg__platforms.html</Path>
          <Subnodes>
           <Node>
            <Name>Background Mode (Android)</Name>
            <Path>pg__pauseresumeandroid.html</Path>
            <Subnodes>
            </Subnodes>
           </Node>
           <Node>
            <Name>OBBファイルを使う (Android)</Name>
            <Path>pg__loadbankobb.html</Path>
            <Subnodes>
            </Subnodes>
           </Node>
           <Node>
            <Name>オーディオセッションの中断 (iOS)</Name>
            <Path>pg__audiosessionios.html</Path>
            <Subnodes>
            </Subnodes>
           </Node>
           <Node>
            <Name>Windows Store Apps専用の情報</Name>
            <Path>pg___w_s_a_info.html</Path>
            <Subnodes>
            </Subnodes>
           </Node>
          </Subnodes>
         </Node>
         <Node>
          <Name>Wwiseデモゲーム</Name>
          <Path>pg__wwisedemogame.html</Path>
          <Subnodes>
          </Subnodes>
         </Node>
         <Node>
          <Name>UnityでWwise Spatial Audioを使う</Name>
          <Path>pg__spatialaudio.html</Path>
          <Subnodes>
           <Node>
            <Name>Spatial Audioチュートリアルの事前準備</Name>
            <Path>pg__spatialaudio__preparation.html</Path>
            <Subnodes>
            </Subnodes>
           </Node>
           <Node>
            <Name>サーフェスリフレクタ（Surface Reflectors）に関するチュートリアル</Name>
            <Path>pg__surface__reflector__tut.html</Path>
            <Subnodes>
            </Subnodes>
           </Node>
           <Node>
            <Name>ルームやポータルに関するチュートリアル</Name>
            <Path>pg__rooms__portals__tut.html</Path>
            <Subnodes>
            </Subnodes>
           </Node>
           <Node>
            <Name>オブストラクションとオクルージョン</Name>
            <Path>pg__obs__occ.html</Path>
            <Subnodes>
            </Subnodes>
           </Node>
          </Subnodes>
         </Node>
         <Node>
          <Name>トラブルシューティング</Name>
          <Path>unity__troubleshooting.html</Path>
          <Subnodes>
          </Subnodes>
         </Node>
        </Subnodes>
       </Node>
       <Node>
        <Name>構成</Name>
        <Path>annotated.html</Path>
        <Subnodes>
         <Node>
          <Name>AkAmbient</Name>
          <Path>class_ak_ambient.html</Path>
         </Node>
         <Node>
          <Name>AkAudioListener</Name>
          <Path>class_ak_audio_listener.html</Path>
         </Node>
         <Node>
          <Name>AkBank</Name>
          <Path>class_ak_bank.html</Path>
         </Node>
         <Node>
          <Name>AkEmitterObstructionOcclusion</Name>
          <Path>class_ak_emitter_obstruction_occlusion.html</Path>
         </Node>
         <Node>
          <Name>AkEnvironment</Name>
          <Path>class_ak_environment.html</Path>
         </Node>
         <Node>
          <Name>AkEnvironment::AkEnvironment_CompareByPriority</Name>
          <Path>class_ak_environment_1_1_ak_environment___compare_by_priority.html</Path>
         </Node>
         <Node>
          <Name>AkEnvironment::AkEnvironment_CompareBySelectionAlgorithm</Name>
          <Path>class_ak_environment_1_1_ak_environment___compare_by_selection_algorithm.html</Path>
         </Node>
         <Node>
          <Name>AkEnvironmentPortal</Name>
          <Path>class_ak_environment_portal.html</Path>
         </Node>
         <Node>
          <Name>AkEvent</Name>
          <Path>class_ak_event.html</Path>
         </Node>
         <Node>
          <Name>AkEventCallbackMsg</Name>
          <Path>class_ak_event_callback_msg.html</Path>
         </Node>
         <Node>
          <Name>AkGameObj</Name>
          <Path>class_ak_game_obj.html</Path>
         </Node>
         <Node>
          <Name>AkInitializer</Name>
          <Path>class_ak_initializer.html</Path>
         </Node>
         <Node>
          <Name>AkMemBankLoader</Name>
          <Path>class_ak_mem_bank_loader.html</Path>
         </Node>
         <Node>
          <Name>AkRoom</Name>
          <Path>class_ak_room.html</Path>
         </Node>
         <Node>
          <Name>AkRoomPortal</Name>
          <Path>class_ak_room_portal.html</Path>
         </Node>
         <Node>
          <Name>AkRoomPortalObstruction</Name>
          <Path>class_ak_room_portal_obstruction.html</Path>
         </Node>
         <Node>
          <Name>AkSpatialAudioBase</Name>
          <Path>class_ak_spatial_audio_base.html</Path>
         </Node>
         <Node>
          <Name>AkSpatialAudioEmitter</Name>
          <Path>class_ak_spatial_audio_emitter.html</Path>
         </Node>
         <Node>
          <Name>AkSpatialAudioListener</Name>
          <Path>class_ak_spatial_audio_listener.html</Path>
         </Node>
         <Node>
          <Name>AkSpatialAudioListener::SpatialAudioListenerList</Name>
          <Path>class_ak_spatial_audio_listener_1_1_spatial_audio_listener_list.html</Path>
         </Node>
         <Node>
          <Name>AkState</Name>
          <Path>class_ak_state.html</Path>
         </Node>
         <Node>
          <Name>AkSurfaceReflector</Name>
          <Path>class_ak_surface_reflector.html</Path>
         </Node>
         <Node>
          <Name>AkSwitch</Name>
          <Path>class_ak_switch.html</Path>
         </Node>
         <Node>
          <Name>AkTerminator</Name>
          <Path>class_ak_terminator.html</Path>
         </Node>
         <Node>
          <Name>AkTriggerBase</Name>
          <Path>class_ak_trigger_base.html</Path>
         </Node>
        </Subnodes>
       </Node>
       <Node>
        <Name>クラス階層</Name>
        <Path>hierarchy.html</Path>
        <Subnodes>
         <Node>
          <Name>AkAudioListener</Name>
          <Path>class_ak_audio_listener.html</Path>
         </Node>
         <Node>
          <Name>AkBank</Name>
          <Path>class_ak_bank.html</Path>
         </Node>
         <Node>
          <Name>AkEmitterObstructionOcclusion</Name>
          <Path>class_ak_emitter_obstruction_occlusion.html</Path>
         </Node>
         <Node>
          <Name>AkEnvironment</Name>
          <Path>class_ak_environment.html</Path>
         </Node>
         <Node>
          <Name>AkEnvironment::AkEnvironment_CompareByPriority</Name>
          <Path>class_ak_environment_1_1_ak_environment___compare_by_priority.html</Path>
          <Subnodes>
           <Node>
            <Name>AkEnvironment::AkEnvironment_CompareBySelectionAlgorithm</Name>
            <Path>class_ak_environment_1_1_ak_environment___compare_by_selection_algorithm.html</Path>
           </Node>
          </Subnodes>
         </Node>
         <Node>
          <Name>AkEnvironmentPortal</Name>
          <Path>class_ak_environment_portal.html</Path>
         </Node>
         <Node>
          <Name>AkEvent</Name>
          <Path>class_ak_event.html</Path>
          <Subnodes>
           <Node>
            <Name>AkAmbient</Name>
            <Path>class_ak_ambient.html</Path>
           </Node>
          </Subnodes>
         </Node>
         <Node>
          <Name>AkEventCallbackMsg</Name>
          <Path>class_ak_event_callback_msg.html</Path>
         </Node>
         <Node>
          <Name>AkGameObj</Name>
          <Path>class_ak_game_obj.html</Path>
         </Node>
         <Node>
          <Name>AkInitializer</Name>
          <Path>class_ak_initializer.html</Path>
         </Node>
         <Node>
          <Name>AkMemBankLoader</Name>
          <Path>class_ak_mem_bank_loader.html</Path>
         </Node>
         <Node>
          <Name>AkRoom</Name>
          <Path>class_ak_room.html</Path>
         </Node>
         <Node>
          <Name>AkRoomPortal</Name>
          <Path>class_ak_room_portal.html</Path>
         </Node>
         <Node>
          <Name>AkRoomPortalObstruction</Name>
          <Path>class_ak_room_portal_obstruction.html</Path>
         </Node>
         <Node>
          <Name>AkSpatialAudioBase</Name>
          <Path>class_ak_spatial_audio_base.html</Path>
          <Subnodes>
           <Node>
            <Name>AkSpatialAudioEmitter</Name>
            <Path>class_ak_spatial_audio_emitter.html</Path>
           </Node>
           <Node>
            <Name>AkSpatialAudioListener</Name>
            <Path>class_ak_spatial_audio_listener.html</Path>
           </Node>
          </Subnodes>
         </Node>
         <Node>
          <Name>AkSpatialAudioListener::SpatialAudioListenerList</Name>
          <Path>class_ak_spatial_audio_listener_1_1_spatial_audio_listener_list.html</Path>
         </Node>
         <Node>
          <Name>AkState</Name>
          <Path>class_ak_state.html</Path>
         </Node>
         <Node>
          <Name>AkSurfaceReflector</Name>
          <Path>class_ak_surface_reflector.html</Path>
         </Node>
         <Node>
          <Name>AkSwitch</Name>
          <Path>class_ak_switch.html</Path>
         </Node>
         <Node>
          <Name>AkTerminator</Name>
          <Path>class_ak_terminator.html</Path>
         </Node>
         <Node>
          <Name>AkTriggerBase</Name>
          <Path>class_ak_trigger_base.html</Path>
         </Node>
        </Subnodes>
       </Node>
       <Node>
        <Name>構成メンバ</Name>
        <Path>functions.html</Path>
       </Node>
      </Subnodes>
    </Node>
  </TOC>
</DocSetNodes>
